CostFunc,BatchSize,MaxIt,NPop,Beta,PC,Mu,BestSol1,BestSol2,BestSol3,BestSol4,BestSol5,AllCost,AvgCost
logcosh_loss,0,500,70,1,2,0.5,"[2.98620528e-03 1.81171550e+01 1.11262185e-01 1.79032107e+01
 1.31685792e-01 1.80395496e-02 6.33855031e+01 1.98286070e+00]","[2.98620528e-03 1.81171550e+01 1.11262185e-01 1.79032107e+01
 1.31685792e-01 1.80395496e-02 6.33855031e+01 1.98286070e+00]","[2.98620528e-03 1.81297568e+01 1.11262185e-01 1.78937222e+01
 1.34612398e-01 1.80395496e-02 6.59063276e+01 2.00609897e+00]","[2.98620528e-03 1.65533731e+01 9.87819179e-02 1.60428561e+01
 1.25584508e-01 1.80395496e-02 5.87453397e+01 1.89768468e+00]","[2.98620528e-03 1.83049371e+01 1.11262185e-01 1.81462822e+01
 1.34612398e-01 1.80395496e-02 6.27962462e+01 1.98823753e+00]","[0.00023614513175718814, 0.00023614513175718814, 0.0002395145180965667, 0.00023983712885484825, 0.00024080701717855418]",0.0002384897855288
logcosh_loss,0,500,70,1,2,0.5,"[2.98305779e-03 2.59465819e+01 1.50705047e-01 2.58957005e+01
 1.11348072e-01 1.94949320e-02 4.55340435e+01 2.29086025e+00]","[2.98305779e-03 2.58847565e+01 1.50705047e-01 2.58957005e+01
 1.14676530e-01 1.94949320e-02 4.80000890e+01 2.31292780e+00]","[2.98305779e-03 2.51029751e+01 1.53225265e-01 2.53203898e+01
 1.11348072e-01 1.94949320e-02 4.56017680e+01 2.23695345e+00]","[2.98305779e-03 2.61680868e+01 1.50705047e-01 2.60399918e+01
 1.11348072e-01 1.94949320e-02 4.61934214e+01 2.30618889e+00]","[2.98305779e-03 2.61680868e+01 1.50705047e-01 2.58957005e+01
 1.11348072e-01 1.94949320e-02 4.58401559e+01 2.30618889e+00]","[0.00023937739141829386, 0.00023944171507252307, 0.00023949868607177845, 0.0002400185705941024, 0.00024014746942200232]",0.0002396967665157
