CostFunc,BatchSize,MaxIt,NPop,Beta,PC,Mu,BestSol1,BestSol2,BestSol3,BestSol4,BestSol5,AllCost,AvgCost
logcosh_loss,32,500,70,1,2,0.5,"[3.18399084e-03 3.19577202e+01 6.00592869e-01 6.07230875e+01
 2.48339365e-01 1.74993978e-02 9.62776576e+01 3.11556074e+00]","[3.18399084e-03 3.23174457e+01 7.73483973e-01 8.11449732e+01
 2.48339365e-01 1.74993978e-02 9.64110930e+01 3.14386138e+00]","[3.18399084e-03 3.20308632e+01 7.73483973e-01 8.12783349e+01
 2.47095348e-01 1.74993978e-02 9.64110930e+01 3.11406146e+00]","[3.18399084e-03 3.25425408e+01 6.06620594e-01 7.04160311e+01
 2.54869357e-01 1.74993978e-02 9.70014637e+01 3.15620086e+00]","[3.18399084e-03 3.25425408e+01 6.02511255e-01 6.66809682e+01
 2.45471638e-01 1.74993978e-02 9.50616442e+01 3.14908562e+00]","[0.0003360537359948534, 0.0003421640992972342, 0.00034336642136156153, 0.0003438393748459909, 0.0003449552749502809]",0.0003420757812899
