CostFunc,BatchSize,MaxIt,NPop,Beta,PC,Mu,BestSol1,BestSol2,BestSol3,BestSol4,BestSol5,AllCost,AvgCost
logcosh_loss,32,500,70,1,2,0.5,"[0.004928611284479231, 34.64578549067005, 0.3506571295730242, 56.246784605981915, 0.04933517135655731, 0.015848304973380956, 11.066373767098675, [6.78943397176649, 5.217506936082922, 5.982731186442802, 5.114737352889874, 5.934408348076083, 5.339427997509146, 6.625048959755516, 6.046555860364458, 6.865297285580941, 5.599644316534127, 6.572749615807072, 5.238164959145878]]","[0.004928611284479231, 32.62537451477257, 0.5640305089428882, 63.70557136901055, 0.05069528177535132, 0.015848304973380956, 14.495992564811436, [5.221390178341518, 5.51954139612072, 5.294266268438237, 5.358895751520592, 5.9109482430374465, 5.072467787923335, 6.500530526236807, 4.9232429087431315, 6.5046176669099784, 6.416425138867944, 7.137532118784324, 3.728349966618794]]","[0.004928611284479231, 32.79457201655635, 0.23849202168970712, 63.13838523685891, 0.05050510876841488, 0.016146057439855407, 9.937309455587393, [5.291124101428298, 5.013658091387404, 5.372148456353931, 4.191925512688423, 5.6019780557938725, 5.432678604114802, 6.389095985886251, 5.762597232605305, 6.4383774782633285, 6.460704032761049, 6.661578244787791, 4.087653752288317]]","[0.004928611284479231, 31.93536754637237, 0.23849202168970712, 55.64881003527952, 0.04933723754636522, 0.016146057439855407, 9.645459024831087, [6.1200933241228785, 5.013658091387404, 5.152868660656089, 5.211622912848953, 5.716072352595494, 5.954369791438347, 6.284479912274951, 5.074235569958516, 6.489535498174661, 4.98909279417288, 7.137770071491293, 4.758957965602919]]","[0.004928611284479231, 31.767040154844366, 0.8105061954996127, 63.93303033040785, 0.04933723754636522, 0.015848304973380956, 12.586185473469087, [5.360509290873447, 5.106829011963769, 5.277960352478124, 5.010519063117699, 5.852341823769826, 5.997273580506135, 6.136081990272136, 5.960387556881681, 6.966526201588421, 5.6711267707076445, 6.184562266586065, 4.91268764181839]]","[0.00031529474377410836, 0.0003169546995595791, 0.00032193281968305535, 0.0003270748969164067, 0.00032975587403098625]",0.0003222026067928
